mes,nombre_mes,filas,unos,tasa_conversion,ceros
202601,Enero,10400,1521,0.14625,8879
202602,Febrero,9800,1543,0.15744897959183674,8257
202603,Marzo,10300,1527,0.14825242718446602,8773
202604,Abril,9600,1473,0.1534375,8127
202605,Mayo,10100,1584,0.15683168316831683,8516
202606,Junio,10350,1600,0.15458937198067632,8750
202607,Julio,9700,1410,0.14536082474226805,8290
202608,Agosto,10050,1449,0.14417910447761195,8601
202609,Septiembre,9900,1393,0.1407070707070707,8507
202610,Octubre,10400,1628,0.15653846153846154,8772
202611,Noviembre,9500,1439,0.15147368421052632,8061
