modelo,variable_agregada,otra_variable_incluida,delta_gini_promedio,meses_mejora,meses_empeora,delta_noviembre
catboost,mes,False,-0.0003066731191849377,4,5,-0.0009527767727298964
catboost,mes,True,-0.001147720903235064,3,6,-0.0017874478470669974
catboost,interaccion,False,-0.0011959382146429682,3,6,-0.0007670835797818909
catboost,interaccion,True,-0.0020369859986930946,2,7,-0.001601754654118992
hist_gradient_boosting,mes,False,-0.0007114385063532211,3,6,0.0027337589793735018
hist_gradient_boosting,mes,True,0.0012350466321315744,6,3,0.0018105517355116174
hist_gradient_boosting,interaccion,False,-0.0013345295534672422,4,5,0.002505478768173086
hist_gradient_boosting,interaccion,True,0.0006119555850175534,6,3,0.0015822715243112018
lightgbm,mes,False,0.0025331055510216865,6,3,-0.004616984513239497
lightgbm,mes,True,0.0019091400037359442,5,4,-0.0033290289409821927
lightgbm,interaccion,False,0.0005503978064597711,5,4,0.003773692585005206
lightgbm,interaccion,True,-7.356774082597124e-05,6,3,0.0050616481572625105
logistica,mes,False,-2.136899210330075e-05,3,6,1.827621026231907e-05
logistica,mes,True,5.0353830499672014e-06,4,5,-1.4827868703409797e-05
logistica,interaccion,False,-0.0008949598962797764,3,6,-6.879441410037601e-05
logistica,interaccion,True,-0.0008685555211265085,3,6,-0.00010189849306610488
random_forest,mes,False,-0.0007028659266347875,4,5,7.431176059460864e-05
random_forest,mes,True,-2.534337421930852e-05,3,6,-0.0025697041297082224
random_forest,interaccion,False,0.00012873974474828583,5,4,0.0027983291750644235
random_forest,interaccion,True,0.0008062622971637648,5,4,0.00015431328476159245
xgboost,mes,False,0.00025290386682603566,3,6,-0.005436913927411996
xgboost,mes,True,0.0037568351797512617,8,1,0.004096026312225415
xgboost,interaccion,False,-0.0028288800168548445,1,8,-0.0014036474315589076
xgboost,interaccion,True,0.0006750512960703817,4,5,0.008129292808078503
