candidato,modelo,usar_mes,usar_interaccion,gini_promedio,gini_desviacion,gini_minimo,gini_maximo,meses_evaluados,segundos_totales,gini_ultimos_3_meses,gini_ultimo_mes
catboost__mes0__interaccion0,catboost,False,False,0.25821245152846334,0.011688778218465904,0.23921860925109018,0.2705831547826665,9,68.56685713400026,0.25001249721612767,0.23921860925109018
catboost__mes1__interaccion0,catboost,True,False,0.2579057784092784,0.012871365294501403,0.2382658324783602,0.27270933264063846,9,69.055315463,0.2495108254592934,0.2382658324783602
hist_gradient_boosting__mes0__interaccion0,hist_gradient_boosting,False,False,0.25738780512797466,0.014508072366912638,0.22957471862179446,0.2791184799253992,9,11.257567924000057,0.24559860821661017,0.22957471862179446
hist_gradient_boosting__mes1__interaccion1,hist_gradient_boosting,True,True,0.25728832220663894,0.016274174918762988,0.23389074912547914,0.276884736801581,9,11.556187894000004,0.24841032822379128,0.23389074912547914
catboost__mes0__interaccion1,catboost,False,True,0.2570165133138204,0.013061703756678793,0.23845152567130823,0.272440083075945,9,68.44357625300006,0.2499101208994056,0.23845152567130823
hist_gradient_boosting__mes1__interaccion0,hist_gradient_boosting,True,False,0.2566763666216214,0.013789990060022702,0.2323084776011679,0.275455346525336,9,12.987456924000128,0.24752886145678263,0.2323084776011679
hist_gradient_boosting__mes0__interaccion1,hist_gradient_boosting,False,True,0.2560532755745074,0.01488653893184339,0.23208019738996755,0.2782039370685008,9,10.825068933999944,0.2467446813887899,0.23208019738996755
catboost__mes1__interaccion1,catboost,True,True,0.25586879241058536,0.011724251253918126,0.23666407782424126,0.2721711300416092,9,66.41799746800018,0.24995844423930383,0.23666407782424126
lightgbm__mes1__interaccion0,lightgbm,True,False,0.25309437796282885,0.017356590587549518,0.220313421488461,0.2751572859721616,9,11.562174445999972,0.24130143282115454,0.220313421488461
lightgbm__mes1__interaccion1,lightgbm,True,True,0.25302081022200285,0.01941820793422272,0.2253750696457235,0.2789596968063721,9,11.195753261999982,0.24616054991038774,0.2253750696457235
xgboost__mes1__interaccion1,xgboost,True,True,0.25280222498101723,0.016217653414779695,0.22958523618075355,0.2750783136674402,9,9.859345019000045,0.24820611770923243,0.23516241128387017
xgboost__mes1__interaccion0,xgboost,True,False,0.25212717368494686,0.015751232239716504,0.22703311847579166,0.27140600758643263,9,9.795790849000127,0.2442305817440078,0.22703311847579166
xgboost__mes0__interaccion0,xgboost,False,False,0.25187426981812083,0.013642106253913705,0.23247003240320363,0.27176169575036413,9,9.559062046000008,0.24393643897864714,0.23247003240320363
random_forest__mes0__interaccion1,random_forest,False,True,0.2514803431970096,0.013162620820374896,0.2277375284477403,0.26764325974636005,9,53.86758459800001,0.2436248249251005,0.2277375284477403
random_forest__mes1__interaccion1,random_forest,True,True,0.25145499982279035,0.015143313868316261,0.22516782431803217,0.2698405496961156,9,56.61280298599985,0.24084115461909997,0.22516782431803217
random_forest__mes0__interaccion0,random_forest,False,False,0.2513516034522614,0.013840374850369638,0.22493919927267592,0.2658410971092233,9,52.109344115,0.2410636643006283,0.22493919927267592
lightgbm__mes0__interaccion1,lightgbm,False,True,0.2511116702182669,0.016735827336839957,0.2287040985867057,0.27615219835745886,9,10.558735245000037,0.24290088805866006,0.2287040985867057
random_forest__mes1__interaccion0,random_forest,True,False,0.25064873752562655,0.01395692976278873,0.2250135110332705,0.26621923363190714,9,52.03518173100048,0.23917815419397956,0.2250135110332705
lightgbm__mes0__interaccion0,lightgbm,False,False,0.25056127241180715,0.016128971968133815,0.22493040600170056,0.2717166972685996,9,11.7990946029999,0.23923383121794983,0.22493040600170056
xgboost__mes0__interaccion1,xgboost,False,True,0.24904538980126598,0.015222396364731333,0.22794621020871997,0.2698340260282488,9,9.048116418000063,0.24428417973317088,0.23106638497164478
logistica__mes0__interaccion0,logistica,False,False,0.2345781128659069,0.016038477283979974,0.20224014612692187,0.24914391685763237,9,1.6591195619998302,0.22526977577067808,0.20224014612692187
logistica__mes1__interaccion0,logistica,True,False,0.23455674387380357,0.016029095392568176,0.20225842233718416,0.2491562228674724,9,1.7164656649998165,0.22526819030930892,0.20225842233718416
logistica__mes1__interaccion1,logistica,True,True,0.2336881883526771,0.016734380049226564,0.20215652384411809,0.24955920762343964,9,1.7682442509997713,0.22541260027678126,0.20215652384411809
logistica__mes0__interaccion1,logistica,False,True,0.23368315296962713,0.01675959338869462,0.2021713517128214,0.24952985111803816,9,1.6947537620001185,0.22539348356151412,0.2021713517128214
