candidato,modelo,usar_mes,usar_interaccion,mes_validacion,ultimo_mes_train,filas_train,filas_validacion,tasa_conversion,firma_validacion,segundos,advertencias,auc,gini
logistica__mes0__interaccion0,logistica,False,False,202603,202602,20200,10300,0.14825242718446602,0ddb4cb8a162c6607221af99feee97a046b874737c6c8e92b8e47eca9c577204,0.12820921399998042,,0.613492415222003,0.22698483044400608
hist_gradient_boosting__mes0__interaccion0,hist_gradient_boosting,False,False,202603,202602,20200,10300,0.14825242718446602,0ddb4cb8a162c6607221af99feee97a046b874737c6c8e92b8e47eca9c577204,0.8037857779999626,,0.6286274842642086,0.2572549685284171
catboost__mes0__interaccion0,catboost,False,False,202603,202602,20200,10300,0.14825242718446602,0ddb4cb8a162c6607221af99feee97a046b874737c6c8e92b8e47eca9c577204,3.3052259639999875,,0.6301328919600688,0.26026578392013766
xgboost__mes0__interaccion0,xgboost,False,False,202603,202602,20200,10300,0.14825242718446602,0ddb4cb8a162c6607221af99feee97a046b874737c6c8e92b8e47eca9c577204,0.4498557969999979,,0.6204490753503318,0.24089815070066356
lightgbm__mes0__interaccion0,lightgbm,False,False,202603,202602,20200,10300,0.14825242718446602,0ddb4cb8a162c6607221af99feee97a046b874737c6c8e92b8e47eca9c577204,0.5794477949999646,,0.621348050154777,0.24269610030955402
random_forest__mes0__interaccion0,random_forest,False,False,202603,202602,20200,10300,0.14825242718446602,0ddb4cb8a162c6607221af99feee97a046b874737c6c8e92b8e47eca9c577204,2.2372496329999763,,0.6268356557160144,0.2536713114320288
logistica__mes0__interaccion1,logistica,False,True,202603,202602,20200,10300,0.14825242718446602,0ddb4cb8a162c6607221af99feee97a046b874737c6c8e92b8e47eca9c577204,0.0722361769999793,,0.6096330118059585,0.21926602361191705
hist_gradient_boosting__mes0__interaccion1,hist_gradient_boosting,False,True,202603,202602,20200,10300,0.14825242718446602,0ddb4cb8a162c6607221af99feee97a046b874737c6c8e92b8e47eca9c577204,0.6078053929999783,,0.6242198726804445,0.24843974536088909
catboost__mes0__interaccion1,catboost,False,True,202603,202602,20200,10300,0.14825242718446602,0ddb4cb8a162c6607221af99feee97a046b874737c6c8e92b8e47eca9c577204,3.332698106999999,,0.6299012620656743,0.25980252413134863
xgboost__mes0__interaccion1,xgboost,False,True,202603,202602,20200,10300,0.14825242718446602,0ddb4cb8a162c6607221af99feee97a046b874737c6c8e92b8e47eca9c577204,0.45610254400003214,,0.61397310510436,0.22794621020871997
lightgbm__mes0__interaccion1,lightgbm,False,True,202603,202602,20200,10300,0.14825242718446602,0ddb4cb8a162c6607221af99feee97a046b874737c6c8e92b8e47eca9c577204,0.5177991429999906,,0.6185220609372493,0.23704412187449853
random_forest__mes0__interaccion1,random_forest,False,True,202603,202602,20200,10300,0.14825242718446602,0ddb4cb8a162c6607221af99feee97a046b874737c6c8e92b8e47eca9c577204,1.9728856080000128,,0.6282829879823424,0.2565659759646848
logistica__mes1__interaccion0,logistica,True,False,202603,202602,20200,10300,0.14825242718446602,0ddb4cb8a162c6607221af99feee97a046b874737c6c8e92b8e47eca9c577204,0.06508535899996559,,0.6134469551492714,0.22689391029854278
hist_gradient_boosting__mes1__interaccion0,hist_gradient_boosting,True,False,202603,202602,20200,10300,0.14825242718446602,0ddb4cb8a162c6607221af99feee97a046b874737c6c8e92b8e47eca9c577204,0.6064399490000483,,0.6257412548517803,0.2514825097035607
catboost__mes1__interaccion0,catboost,True,False,202603,202602,20200,10300,0.14825242718446602,0ddb4cb8a162c6607221af99feee97a046b874737c6c8e92b8e47eca9c577204,3.773266024999998,,0.631108305376135,0.2622166107522701
xgboost__mes1__interaccion0,xgboost,True,False,202603,202602,20200,10300,0.14825242718446602,0ddb4cb8a162c6607221af99feee97a046b874737c6c8e92b8e47eca9c577204,0.4564903340000228,,0.6181741682131676,0.23634833642633524
lightgbm__mes1__interaccion0,lightgbm,True,False,202603,202602,20200,10300,0.14825242718446602,0ddb4cb8a162c6607221af99feee97a046b874737c6c8e92b8e47eca9c577204,0.8259547040000257,,0.61957271861163,0.23914543722325998
random_forest__mes1__interaccion0,random_forest,True,False,202603,202602,20200,10300,0.14825242718446602,0ddb4cb8a162c6607221af99feee97a046b874737c6c8e92b8e47eca9c577204,2.219138851000025,,0.6271098344469559,0.2542196688939118
logistica__mes1__interaccion1,logistica,True,True,202603,202602,20200,10300,0.14825242718446602,0ddb4cb8a162c6607221af99feee97a046b874737c6c8e92b8e47eca9c577204,0.07413103900000806,,0.6097357261903242,0.21947145238064847
hist_gradient_boosting__mes1__interaccion1,hist_gradient_boosting,True,True,202603,202602,20200,10300,0.14825242718446602,0ddb4cb8a162c6607221af99feee97a046b874737c6c8e92b8e47eca9c577204,0.6075775329999829,,0.6197859106768542,0.23957182135370836
catboost__mes1__interaccion1,catboost,True,True,202603,202602,20200,10300,0.14825242718446602,0ddb4cb8a162c6607221af99feee97a046b874737c6c8e92b8e47eca9c577204,3.5272069970000075,,0.627487175444753,0.25497435088950593
xgboost__mes1__interaccion1,xgboost,True,True,202603,202602,20200,10300,0.14825242718446602,0ddb4cb8a162c6607221af99feee97a046b874737c6c8e92b8e47eca9c577204,0.46493815600001653,,0.6147926180903768,0.22958523618075355
lightgbm__mes1__interaccion1,lightgbm,True,True,202603,202602,20200,10300,0.14825242718446602,0ddb4cb8a162c6607221af99feee97a046b874737c6c8e92b8e47eca9c577204,0.6151487220000149,,0.6149931947988004,0.22998638959760087
random_forest__mes1__interaccion1,random_forest,True,True,202603,202602,20200,10300,0.14825242718446602,0ddb4cb8a162c6607221af99feee97a046b874737c6c8e92b8e47eca9c577204,2.241708611999968,,0.6262952108447878,0.2525904216895756
logistica__mes0__interaccion0,logistica,False,False,202604,202603,30500,9600,0.1534375,bf7e0044e86c2c45d95ea37c4e533d8d48a8c525da69bb06078ab83343d6e167,0.08609755299994504,,0.6223330393746724,0.24466607874934487
hist_gradient_boosting__mes0__interaccion0,hist_gradient_boosting,False,False,202604,202603,30500,9600,0.1534375,bf7e0044e86c2c45d95ea37c4e533d8d48a8c525da69bb06078ab83343d6e167,0.9337693890000196,,0.6318967617851401,0.2637935235702802
catboost__mes0__interaccion0,catboost,False,False,202604,202603,30500,9600,0.1534375,bf7e0044e86c2c45d95ea37c4e533d8d48a8c525da69bb06078ab83343d6e167,4.3913915990000305,,0.6323440066473585,0.2646880132947169
xgboost__mes0__interaccion0,xgboost,False,False,202604,202603,30500,9600,0.1534375,bf7e0044e86c2c45d95ea37c4e533d8d48a8c525da69bb06078ab83343d6e167,0.5875743519999901,,0.6297904339553244,0.2595808679106488
lightgbm__mes0__interaccion0,lightgbm,False,False,202604,202603,30500,9600,0.1534375,bf7e0044e86c2c45d95ea37c4e533d8d48a8c525da69bb06078ab83343d6e167,0.776319229999956,,0.6309465544060343,0.2618931088120686
random_forest__mes0__interaccion0,random_forest,False,False,202604,202603,30500,9600,0.1534375,bf7e0044e86c2c45d95ea37c4e533d8d48a8c525da69bb06078ab83343d6e167,3.002698458999987,,0.6287825876231125,0.2575651752462249
logistica__mes0__interaccion1,logistica,False,True,202604,202603,30500,9600,0.1534375,bf7e0044e86c2c45d95ea37c4e533d8d48a8c525da69bb06078ab83343d6e167,0.09551041900004975,,0.6222846727748921,0.24456934554978416
hist_gradient_boosting__mes0__interaccion1,hist_gradient_boosting,False,True,202604,202603,30500,9600,0.1534375,bf7e0044e86c2c45d95ea37c4e533d8d48a8c525da69bb06078ab83343d6e167,0.7308211270000129,,0.6330083582329434,0.26601671646588687
catboost__mes0__interaccion1,catboost,False,True,202604,202603,30500,9600,0.1534375,bf7e0044e86c2c45d95ea37c4e533d8d48a8c525da69bb06078ab83343d6e167,4.500121823000029,,0.6293095246031035,0.25861904920620704
xgboost__mes0__interaccion1,xgboost,False,True,202604,202603,30500,9600,0.1534375,bf7e0044e86c2c45d95ea37c4e533d8d48a8c525da69bb06078ab83343d6e167,0.634257746000003,,0.6276889929063156,0.25537798581263127
lightgbm__mes0__interaccion1,lightgbm,False,True,202604,202603,30500,9600,0.1534375,bf7e0044e86c2c45d95ea37c4e533d8d48a8c525da69bb06078ab83343d6e167,0.806072147000009,,0.632616246282392,0.265232492564784
random_forest__mes0__interaccion1,random_forest,False,True,202604,202603,30500,9600,0.1534375,bf7e0044e86c2c45d95ea37c4e533d8d48a8c525da69bb06078ab83343d6e167,3.1860698610000213,,0.6280678646045955,0.25613572920919103
logistica__mes1__interaccion0,logistica,True,False,202604,202603,30500,9600,0.1534375,bf7e0044e86c2c45d95ea37c4e533d8d48a8c525da69bb06078ab83343d6e167,0.09176998800001002,,0.6223287791042255,0.24465755820845092
hist_gradient_boosting__mes1__interaccion0,hist_gradient_boosting,True,False,202604,202603,30500,9600,0.1534375,bf7e0044e86c2c45d95ea37c4e533d8d48a8c525da69bb06078ab83343d6e167,0.748657933000004,,0.6325939425135813,0.2651878850271625
catboost__mes1__interaccion0,catboost,True,False,202604,202603,30500,9600,0.1534375,bf7e0044e86c2c45d95ea37c4e533d8d48a8c525da69bb06078ab83343d6e167,4.456286849000037,,0.6281582491658432,0.25631649833168635
xgboost__mes1__interaccion0,xgboost,True,False,202604,202603,30500,9600,0.1534375,bf7e0044e86c2c45d95ea37c4e533d8d48a8c525da69bb06078ab83343d6e167,0.5963252430000239,,0.6293146619880544,0.2586293239761088
lightgbm__mes1__interaccion0,lightgbm,True,False,202604,202603,30500,9600,0.1534375,bf7e0044e86c2c45d95ea37c4e533d8d48a8c525da69bb06078ab83343d6e167,0.7706425819999936,,0.6315230274718111,0.2630460549436222
random_forest__mes1__interaccion0,random_forest,True,False,202604,202603,30500,9600,0.1534375,bf7e0044e86c2c45d95ea37c4e533d8d48a8c525da69bb06078ab83343d6e167,3.0258492070000216,,0.6281990141065907,0.2563980282131815
logistica__mes1__interaccion1,logistica,True,True,202604,202603,30500,9600,0.1534375,bf7e0044e86c2c45d95ea37c4e533d8d48a8c525da69bb06078ab83343d6e167,0.16430317099997183,,0.622277822928291,0.24455564585658207
hist_gradient_boosting__mes1__interaccion1,hist_gradient_boosting,True,True,202604,202603,30500,9600,0.1534375,bf7e0044e86c2c45d95ea37c4e533d8d48a8c525da69bb06078ab83343d6e167,0.8691084879999948,,0.6338442901224126,0.2676885802448252
catboost__mes1__interaccion1,catboost,True,True,202604,202603,30500,9600,0.1534375,bf7e0044e86c2c45d95ea37c4e533d8d48a8c525da69bb06078ab83343d6e167,4.923563315000024,,0.6262483949848765,0.252496789969753
xgboost__mes1__interaccion1,xgboost,True,True,202604,202603,30500,9600,0.1534375,bf7e0044e86c2c45d95ea37c4e533d8d48a8c525da69bb06078ab83343d6e167,0.6392625149999844,,0.6289964782599652,0.25799295651993037
lightgbm__mes1__interaccion1,lightgbm,True,True,202604,202603,30500,9600,0.1534375,bf7e0044e86c2c45d95ea37c4e533d8d48a8c525da69bb06078ab83343d6e167,0.7832386769999857,,0.631924495310403,0.2638489906208059
random_forest__mes1__interaccion1,random_forest,True,True,202604,202603,30500,9600,0.1534375,bf7e0044e86c2c45d95ea37c4e533d8d48a8c525da69bb06078ab83343d6e167,2.787194021999994,,0.6317169950792205,0.26343399015844104
logistica__mes0__interaccion0,logistica,False,False,202605,202604,40100,10100,0.15683168316831683,13690620a92892bb668c170bfe2f18c986b17e391a30087c0f8b807bb925ab13,0.1306424960000072,,0.6245719584288162,0.24914391685763237
hist_gradient_boosting__mes0__interaccion0,hist_gradient_boosting,False,False,202605,202604,40100,10100,0.15683168316831683,13690620a92892bb668c170bfe2f18c986b17e391a30087c0f8b807bb925ab13,0.8784449990000098,,0.6354965074654483,0.27099301493089656
catboost__mes0__interaccion0,catboost,False,False,202605,202604,40100,10100,0.15683168316831683,13690620a92892bb668c170bfe2f18c986b17e391a30087c0f8b807bb925ab13,5.459414189000029,,0.6342279505956703,0.26845590119134055
xgboost__mes0__interaccion0,xgboost,False,False,202605,202604,40100,10100,0.15683168316831683,13690620a92892bb668c170bfe2f18c986b17e391a30087c0f8b807bb925ab13,0.9102798669999856,,0.6358808478751821,0.27176169575036413
lightgbm__mes0__interaccion0,lightgbm,False,False,202605,202604,40100,10100,0.15683168316831683,13690620a92892bb668c170bfe2f18c986b17e391a30087c0f8b807bb925ab13,0.8413791760000322,,0.6358583486342998,0.2717166972685996
random_forest__mes0__interaccion0,random_forest,False,False,202605,202604,40100,10100,0.15683168316831683,13690620a92892bb668c170bfe2f18c986b17e391a30087c0f8b807bb925ab13,3.4253785209999705,,0.631295932552391,0.26259186510478205
logistica__mes0__interaccion1,logistica,False,True,202605,202604,40100,10100,0.15683168316831683,13690620a92892bb668c170bfe2f18c986b17e391a30087c0f8b807bb925ab13,0.14008121100005155,,0.6247649255590191,0.24952985111803816
hist_gradient_boosting__mes0__interaccion1,hist_gradient_boosting,False,True,202605,202604,40100,10100,0.15683168316831683,13690620a92892bb668c170bfe2f18c986b17e391a30087c0f8b807bb925ab13,0.8884057179999445,,0.6358659101584183,0.2717318203168366
catboost__mes0__interaccion1,catboost,False,True,202605,202604,40100,10100,0.15683168316831683,13690620a92892bb668c170bfe2f18c986b17e391a30087c0f8b807bb925ab13,5.487055984999984,,0.6362200415379725,0.272440083075945
xgboost__mes0__interaccion1,xgboost,False,True,202605,202604,40100,10100,0.15683168316831683,13690620a92892bb668c170bfe2f18c986b17e391a30087c0f8b807bb925ab13,0.7723963939999976,,0.6349170130141244,0.2698340260282488
lightgbm__mes0__interaccion1,lightgbm,False,True,202605,202604,40100,10100,0.15683168316831683,13690620a92892bb668c170bfe2f18c986b17e391a30087c0f8b807bb925ab13,0.8745204520000698,,0.6380760991787294,0.27615219835745886
random_forest__mes0__interaccion1,random_forest,False,True,202605,202604,40100,10100,0.15683168316831683,13690620a92892bb668c170bfe2f18c986b17e391a30087c0f8b807bb925ab13,4.038712799999985,,0.63382162987318,0.26764325974636005
logistica__mes1__interaccion0,logistica,True,False,202605,202604,40100,10100,0.15683168316831683,13690620a92892bb668c170bfe2f18c986b17e391a30087c0f8b807bb925ab13,0.13676342699989164,,0.6245781114337362,0.2491562228674724
hist_gradient_boosting__mes1__interaccion0,hist_gradient_boosting,True,False,202605,202604,40100,10100,0.15683168316831683,13690620a92892bb668c170bfe2f18c986b17e391a30087c0f8b807bb925ab13,0.8942896080000082,,0.6344765171679215,0.26895303433584306
catboost__mes1__interaccion0,catboost,True,False,202605,202604,40100,10100,0.15683168316831683,13690620a92892bb668c170bfe2f18c986b17e391a30087c0f8b807bb925ab13,5.588123368999959,,0.6363546663203192,0.27270933264063846
xgboost__mes1__interaccion0,xgboost,True,False,202605,202604,40100,10100,0.15683168316831683,13690620a92892bb668c170bfe2f18c986b17e391a30087c0f8b807bb925ab13,0.7803005060000032,,0.6357030037932163,0.27140600758643263
lightgbm__mes1__interaccion0,lightgbm,True,False,202605,202604,40100,10100,0.15683168316831683,13690620a92892bb668c170bfe2f18c986b17e391a30087c0f8b807bb925ab13,0.8464446839999482,,0.6344787411456037,0.2689574822912073
random_forest__mes1__interaccion0,random_forest,True,False,202605,202604,40100,10100,0.15683168316831683,13690620a92892bb668c170bfe2f18c986b17e391a30087c0f8b807bb925ab13,3.5650073400000792,,0.631116161023101,0.26223232204620195
logistica__mes1__interaccion1,logistica,True,True,202605,202604,40100,10100,0.15683168316831683,13690620a92892bb668c170bfe2f18c986b17e391a30087c0f8b807bb925ab13,0.1333240090000345,,0.6247796038117198,0.24955920762343964
hist_gradient_boosting__mes1__interaccion1,hist_gradient_boosting,True,True,202605,202604,40100,10100,0.15683168316831683,13690620a92892bb668c170bfe2f18c986b17e391a30087c0f8b807bb925ab13,1.0168454419999762,,0.6380062662795166,0.27601253255903324
catboost__mes1__interaccion1,catboost,True,True,202605,202604,40100,10100,0.15683168316831683,13690620a92892bb668c170bfe2f18c986b17e391a30087c0f8b807bb925ab13,5.3912419360000285,,0.6360855650208046,0.2721711300416092
xgboost__mes1__interaccion1,xgboost,True,True,202605,202604,40100,10100,0.15683168316831683,13690620a92892bb668c170bfe2f18c986b17e391a30087c0f8b807bb925ab13,0.7744161110000505,,0.6375391568337201,0.2750783136674402
lightgbm__mes1__interaccion1,lightgbm,True,True,202605,202604,40100,10100,0.15683168316831683,13690620a92892bb668c170bfe2f18c986b17e391a30087c0f8b807bb925ab13,0.8727002659999243,,0.6379451810258527,0.2758903620517055
random_forest__mes1__interaccion1,random_forest,True,True,202605,202604,40100,10100,0.15683168316831683,13690620a92892bb668c170bfe2f18c986b17e391a30087c0f8b807bb925ab13,4.124627467000096,,0.6349202748480578,0.2698405496961156
logistica__mes0__interaccion0,logistica,False,False,202606,202605,50200,10350,0.15458937198067632,80b102f925a0c36ea745801ec6d36b23afb4872b19b30006b446c7e58524084c,0.16879398200001106,,0.6092679999999999,0.21853599999999984
hist_gradient_boosting__mes0__interaccion0,hist_gradient_boosting,False,False,202606,202605,50200,10350,0.15458937198067632,80b102f925a0c36ea745801ec6d36b23afb4872b19b30006b446c7e58524084c,1.0557563690000507,,0.6244312142857142,0.24886242857142848
catboost__mes0__interaccion0,catboost,False,False,202606,202605,50200,10350,0.15458937198067632,80b102f925a0c36ea745801ec6d36b23afb4872b19b30006b446c7e58524084c,6.202509196000051,,0.6225207857142857,0.24504157142857141
xgboost__mes0__interaccion0,xgboost,False,False,202606,202605,50200,10350,0.15458937198067632,80b102f925a0c36ea745801ec6d36b23afb4872b19b30006b446c7e58524084c,0.9043489680000221,,0.6189811428571429,0.2379622857142858
lightgbm__mes0__interaccion0,lightgbm,False,False,202606,202605,50200,10350,0.15458937198067632,80b102f925a0c36ea745801ec6d36b23afb4872b19b30006b446c7e58524084c,1.1740029640000103,,0.6171450714285714,0.2342901428571429
random_forest__mes0__interaccion0,random_forest,False,False,202606,202605,50200,10350,0.15458937198067632,80b102f925a0c36ea745801ec6d36b23afb4872b19b30006b446c7e58524084c,4.871440092000057,,0.6179086428571429,0.23581728571428573
logistica__mes0__interaccion1,logistica,False,True,202606,202605,50200,10350,0.15458937198067632,80b102f925a0c36ea745801ec6d36b23afb4872b19b30006b446c7e58524084c,0.14763101400001233,,0.6090220714285715,0.2180441428571429
hist_gradient_boosting__mes0__interaccion1,hist_gradient_boosting,False,True,202606,202605,50200,10350,0.15458937198067632,80b102f925a0c36ea745801ec6d36b23afb4872b19b30006b446c7e58524084c,1.0635097079999696,,0.6229208571428572,0.24584171428571433
catboost__mes0__interaccion1,catboost,False,True,202606,202605,50200,10350,0.15458937198067632,80b102f925a0c36ea745801ec6d36b23afb4872b19b30006b446c7e58524084c,7.194861489000004,,0.6195481428571428,0.23909628571428554
xgboost__mes0__interaccion1,xgboost,False,True,202606,202605,50200,10350,0.15458937198067632,80b102f925a0c36ea745801ec6d36b23afb4872b19b30006b446c7e58524084c,0.8769459200000256,,0.6184594999999999,0.23691899999999988
lightgbm__mes0__interaccion1,lightgbm,False,True,202606,202605,50200,10350,0.15458937198067632,80b102f925a0c36ea745801ec6d36b23afb4872b19b30006b446c7e58524084c,1.0935176109999247,,0.6162497857142857,0.23249957142857136
random_forest__mes0__interaccion1,random_forest,False,True,202606,202605,50200,10350,0.15458937198067632,80b102f925a0c36ea745801ec6d36b23afb4872b19b30006b446c7e58524084c,4.985227446000067,,0.6181920000000001,0.23638400000000015
logistica__mes1__interaccion0,logistica,True,False,202606,202605,50200,10350,0.15458937198067632,80b102f925a0c36ea745801ec6d36b23afb4872b19b30006b446c7e58524084c,0.14782031499998993,,0.6092667142857143,0.21853342857142866
hist_gradient_boosting__mes1__interaccion0,hist_gradient_boosting,True,False,202606,202605,50200,10350,0.15458937198067632,80b102f925a0c36ea745801ec6d36b23afb4872b19b30006b446c7e58524084c,1.2482888370000182,,0.6240196428571428,0.24803928571428568
catboost__mes1__interaccion0,catboost,True,False,202606,202605,50200,10350,0.15458937198067632,80b102f925a0c36ea745801ec6d36b23afb4872b19b30006b446c7e58524084c,6.225489734000007,,0.621205,0.24241000000000001
xgboost__mes1__interaccion0,xgboost,True,False,202606,202605,50200,10350,0.15458937198067632,80b102f925a0c36ea745801ec6d36b23afb4872b19b30006b446c7e58524084c,0.8717181069999924,,0.6215199285714286,0.24303985714285714
lightgbm__mes1__interaccion0,lightgbm,True,False,202606,202605,50200,10350,0.15458937198067632,80b102f925a0c36ea745801ec6d36b23afb4872b19b30006b446c7e58524084c,1.0299934219999614,,0.6224612142857142,0.24492242857142843
random_forest__mes1__interaccion0,random_forest,True,False,202606,202605,50200,10350,0.15458937198067632,80b102f925a0c36ea745801ec6d36b23afb4872b19b30006b446c7e58524084c,5.305499480000094,,0.6185035,0.23700699999999997
logistica__mes1__interaccion1,logistica,True,True,202606,202605,50200,10350,0.15458937198067632,80b102f925a0c36ea745801ec6d36b23afb4872b19b30006b446c7e58524084c,0.20590214700007436,,0.6089917857142858,0.2179835714285716
hist_gradient_boosting__mes1__interaccion1,hist_gradient_boosting,True,True,202606,202605,50200,10350,0.15458937198067632,80b102f925a0c36ea745801ec6d36b23afb4872b19b30006b446c7e58524084c,1.496912191999968,,0.6238927142857144,0.2477854285714287
catboost__mes1__interaccion1,catboost,True,True,202606,202605,50200,10350,0.15458937198067632,80b102f925a0c36ea745801ec6d36b23afb4872b19b30006b446c7e58524084c,6.450179956000056,,0.6232842857142857,0.24656857142857147
xgboost__mes1__interaccion1,xgboost,True,True,202606,202605,50200,10350,0.15458937198067632,80b102f925a0c36ea745801ec6d36b23afb4872b19b30006b446c7e58524084c,0.9055326049999621,,0.6196465,0.23929299999999998
lightgbm__mes1__interaccion1,lightgbm,True,True,202606,202605,50200,10350,0.15458937198067632,80b102f925a0c36ea745801ec6d36b23afb4872b19b30006b446c7e58524084c,1.0216989190000731,,0.6194909285714285,0.23898185714285702
random_forest__mes1__interaccion1,random_forest,True,True,202606,202605,50200,10350,0.15458937198067632,80b102f925a0c36ea745801ec6d36b23afb4872b19b30006b446c7e58524084c,5.016270274000021,,0.6176857142857143,0.23537142857142856
logistica__mes0__interaccion0,logistica,False,False,202607,202606,60550,9700,0.14536082474226805,1755b27a4f1421118ab66f995a1079bbae420293076510a6ed461e8115b6102b,0.16986595399998805,,0.6238735039225247,0.24774700784504944
hist_gradient_boosting__mes0__interaccion0,hist_gradient_boosting,False,False,202607,202606,60550,9700,0.14536082474226805,1755b27a4f1421118ab66f995a1079bbae420293076510a6ed461e8115b6102b,1.140603616999897,,0.6395592399626996,0.2791184799253992
catboost__mes0__interaccion0,catboost,False,False,202607,202606,60550,9700,0.14536082474226805,1755b27a4f1421118ab66f995a1079bbae420293076510a6ed461e8115b6102b,7.673490405000052,,0.6324200737451772,0.26484014749035434
xgboost__mes0__interaccion0,xgboost,False,False,202607,202606,60550,9700,0.14536082474226805,1755b27a4f1421118ab66f995a1079bbae420293076510a6ed461e8115b6102b,1.0382383999999547,,0.6311872374646033,0.2623744749292065
lightgbm__mes0__interaccion0,lightgbm,False,False,202607,202606,60550,9700,0.14536082474226805,1755b27a4f1421118ab66f995a1079bbae420293076510a6ed461e8115b6102b,1.0976690610000333,,0.6348560600227566,0.26971212004551326
random_forest__mes0__interaccion0,random_forest,False,False,202607,202606,60550,9700,0.14536082474226805,1755b27a4f1421118ab66f995a1079bbae420293076510a6ed461e8115b6102b,5.729519245000006,,0.6329205485546117,0.2658410971092233
logistica__mes0__interaccion1,logistica,False,True,202607,202606,60550,9700,0.14536082474226805,1755b27a4f1421118ab66f995a1079bbae420293076510a6ed461e8115b6102b,0.17690058699997735,,0.6237927435430194,0.24758548708603878
hist_gradient_boosting__mes0__interaccion1,hist_gradient_boosting,False,True,202607,202606,60550,9700,0.14536082474226805,1755b27a4f1421118ab66f995a1079bbae420293076510a6ed461e8115b6102b,1.170520171000021,,0.6391019685342504,0.2782039370685008
catboost__mes0__interaccion1,catboost,False,True,202607,202606,60550,9700,0.14536082474226805,1755b27a4f1421118ab66f995a1079bbae420293076510a6ed461e8115b6102b,7.156905015999996,,0.6334004910641721,0.26680098212834413
xgboost__mes0__interaccion1,xgboost,False,True,202607,202606,60550,9700,0.14536082474226805,1755b27a4f1421118ab66f995a1079bbae420293076510a6ed461e8115b6102b,1.1846054129999857,,0.6289525105014159,0.25790502100283175
lightgbm__mes0__interaccion1,lightgbm,False,True,202607,202606,60550,9700,0.14536082474226805,1755b27a4f1421118ab66f995a1079bbae420293076510a6ed461e8115b6102b,1.291241070999945,,0.6346971058012303,0.2693942116024606
random_forest__mes0__interaccion1,random_forest,False,True,202607,202606,60550,9700,0.14536082474226805,1755b27a4f1421118ab66f995a1079bbae420293076510a6ed461e8115b6102b,5.887616207000065,,0.6310067671038335,0.26201353420766704
logistica__mes1__interaccion0,logistica,True,False,202607,202606,60550,9700,0.14536082474226805,1755b27a4f1421118ab66f995a1079bbae420293076510a6ed461e8115b6102b,0.17111736499998642,,0.6238479240989314,0.24769584819786283
hist_gradient_boosting__mes1__interaccion0,hist_gradient_boosting,True,False,202607,202606,60550,9700,0.14536082474226805,1755b27a4f1421118ab66f995a1079bbae420293076510a6ed461e8115b6102b,1.1811103659999844,,0.637727673262668,0.275455346525336
catboost__mes1__interaccion0,catboost,True,False,202607,202606,60550,9700,0.14536082474226805,1755b27a4f1421118ab66f995a1079bbae420293076510a6ed461e8115b6102b,8.030936634,,0.6348244060604505,0.2696488121209011
xgboost__mes1__interaccion0,xgboost,True,False,202607,202606,60550,9700,0.14536082474226805,1755b27a4f1421118ab66f995a1079bbae420293076510a6ed461e8115b6102b,1.08917011799997,,0.6337009898279565,0.26740197965591306
lightgbm__mes1__interaccion0,lightgbm,True,False,202607,202606,60550,9700,0.14536082474226805,1755b27a4f1421118ab66f995a1079bbae420293076510a6ed461e8115b6102b,1.2414736260000154,,0.6375786429860808,0.2751572859721616
random_forest__mes1__interaccion0,random_forest,True,False,202607,202606,60550,9700,0.14536082474226805,1755b27a4f1421118ab66f995a1079bbae420293076510a6ed461e8115b6102b,5.766599921000079,,0.6331096168159536,0.26621923363190714
logistica__mes1__interaccion1,logistica,True,True,202607,202606,60550,9700,0.14536082474226805,1755b27a4f1421118ab66f995a1079bbae420293076510a6ed461e8115b6102b,0.18476776599993627,,0.6237562987107427,0.24751259742148535
hist_gradient_boosting__mes1__interaccion1,hist_gradient_boosting,True,True,202607,202606,60550,9700,0.14536082474226805,1755b27a4f1421118ab66f995a1079bbae420293076510a6ed461e8115b6102b,1.1742912400000023,,0.6384423684007905,0.276884736801581
catboost__mes1__interaccion1,catboost,True,True,202607,202606,60550,9700,0.14536082474226805,1755b27a4f1421118ab66f995a1079bbae420293076510a6ed461e8115b6102b,6.3430163719999655,,0.632601955701563,0.26520391140312594
xgboost__mes1__interaccion1,xgboost,True,True,202607,202606,60550,9700,0.14536082474226805,1755b27a4f1421118ab66f995a1079bbae420293076510a6ed461e8115b6102b,0.9238183269999354,,0.6348041731899494,0.26960834637989883
lightgbm__mes1__interaccion1,lightgbm,True,True,202607,202606,60550,9700,0.14536082474226805,1755b27a4f1421118ab66f995a1079bbae420293076510a6ed461e8115b6102b,1.152021762000004,,0.6394798484031861,0.2789596968063721
random_forest__mes1__interaccion1,random_forest,True,True,202607,202606,60550,9700,0.14536082474226805,1755b27a4f1421118ab66f995a1079bbae420293076510a6ed461e8115b6102b,5.962132045999965,,0.6330491320825741,0.26609826416514815
logistica__mes0__interaccion0,logistica,False,False,202608,202607,70250,10050,0.14417910447761195,bd7b7049e6e4a492ffc6205a139bde110248f47e8fc9ab3ca3faa984dfdf8da4,0.20471389399995132,,0.6241579272925477,0.24831585458509542
hist_gradient_boosting__mes0__interaccion0,hist_gradient_boosting,False,False,202608,202607,70250,10050,0.14417910447761195,bd7b7049e6e4a492ffc6205a139bde110248f47e8fc9ab3ca3faa984dfdf8da4,1.3534054579999975,,0.6298360029877599,0.25967200597551976
catboost__mes0__interaccion0,catboost,False,False,202608,202607,70250,10050,0.14417910447761195,bd7b7049e6e4a492ffc6205a139bde110248f47e8fc9ab3ca3faa984dfdf8da4,8.135629722999965,,0.6352915773913332,0.2705831547826665
xgboost__mes0__interaccion0,xgboost,False,False,202608,202607,70250,10050,0.14417910447761195,bd7b7049e6e4a492ffc6205a139bde110248f47e8fc9ab3ca3faa984dfdf8da4,1.0235662329999968,,0.6312408182109885,0.2624816364219771
lightgbm__mes0__interaccion0,lightgbm,False,False,202608,202607,70250,10050,0.14417910447761195,bd7b7049e6e4a492ffc6205a139bde110248f47e8fc9ab3ca3faa984dfdf8da4,1.2219994729999826,,0.6285208943797682,0.2570417887595364
random_forest__mes0__interaccion0,random_forest,False,False,202608,202607,70250,10050,0.14417910447761195,bd7b7049e6e4a492ffc6205a139bde110248f47e8fc9ab3ca3faa984dfdf8da4,6.449024211000051,,0.6317433517809612,0.2634867035619224
logistica__mes0__interaccion1,logistica,False,True,202608,202607,70250,10050,0.14417910447761195,bd7b7049e6e4a492ffc6205a139bde110248f47e8fc9ab3ca3faa984dfdf8da4,0.21683404099997006,,0.6239865379095904,0.2479730758191807
hist_gradient_boosting__mes0__interaccion1,hist_gradient_boosting,False,True,202608,202607,70250,10050,0.14417910447761195,bd7b7049e6e4a492ffc6205a139bde110248f47e8fc9ab3ca3faa984dfdf8da4,1.2604206050000357,,0.6270057512531846,0.25401150250636917
catboost__mes0__interaccion1,catboost,False,True,202608,202607,70250,10050,0.14417910447761195,bd7b7049e6e4a492ffc6205a139bde110248f47e8fc9ab3ca3faa984dfdf8da4,9.12106234600003,,0.6333296664350182,0.2666593328700364
xgboost__mes0__interaccion1,xgboost,False,True,202608,202607,70250,10050,0.14417910447761195,bd7b7049e6e4a492ffc6205a139bde110248f47e8fc9ab3ca3faa984dfdf8da4,1.1111914030000207,,0.6302868629797248,0.2605737259594496
lightgbm__mes0__interaccion1,lightgbm,False,True,202608,202607,70250,10050,0.14417910447761195,bd7b7049e6e4a492ffc6205a139bde110248f47e8fc9ab3ca3faa984dfdf8da4,1.4567561390000492,,0.6254898859803244,0.2509797719606488
random_forest__mes0__interaccion1,random_forest,False,True,202608,202607,70250,10050,0.14417910447761195,bd7b7049e6e4a492ffc6205a139bde110248f47e8fc9ab3ca3faa984dfdf8da4,6.037265747999982,,0.6268530574349411,0.25370611486988226
logistica__mes1__interaccion0,logistica,True,False,202608,202607,70250,10050,0.14417910447761195,bd7b7049e6e4a492ffc6205a139bde110248f47e8fc9ab3ca3faa984dfdf8da4,0.2027627100000018,,0.624134577896274,0.24826915579254805
hist_gradient_boosting__mes1__interaccion0,hist_gradient_boosting,True,False,202608,202607,70250,10050,0.14417910447761195,bd7b7049e6e4a492ffc6205a139bde110248f47e8fc9ab3ca3faa984dfdf8da4,1.2821800110000368,,0.6291913269590285,0.2583826539180569
catboost__mes1__interaccion0,catboost,True,False,202608,202607,70250,10050,0.14417910447761195,bd7b7049e6e4a492ffc6205a139bde110248f47e8fc9ab3ca3faa984dfdf8da4,8.34291591300007,,0.6346591377300648,0.26931827546012954
xgboost__mes1__interaccion0,xgboost,True,False,202608,202607,70250,10050,0.14417910447761195,bd7b7049e6e4a492ffc6205a139bde110248f47e8fc9ab3ca3faa984dfdf8da4,1.299036405000038,,0.6298136565724257,0.25962731314485143
lightgbm__mes1__interaccion0,lightgbm,True,False,202608,202607,70250,10050,0.14417910447761195,bd7b7049e6e4a492ffc6205a139bde110248f47e8fc9ab3ca3faa984dfdf8da4,1.3549719760000016,,0.6313582071001582,0.26271641420031644
random_forest__mes1__interaccion0,random_forest,True,False,202608,202607,70250,10050,0.14417910447761195,bd7b7049e6e4a492ffc6205a139bde110248f47e8fc9ab3ca3faa984dfdf8da4,6.194523350000054,,0.6311139611817491,0.26222792236349823
logistica__mes1__interaccion1,logistica,True,True,202608,202607,70250,10050,0.14417910447761195,bd7b7049e6e4a492ffc6205a139bde110248f47e8fc9ab3ca3faa984dfdf8da4,0.2098031229999151,,0.6239367098165115,0.247873419633023
hist_gradient_boosting__mes1__interaccion1,hist_gradient_boosting,True,True,202608,202607,70250,10050,0.14417910447761195,bd7b7049e6e4a492ffc6205a139bde110248f47e8fc9ab3ca3faa984dfdf8da4,1.261236341999961,,0.6312104078289001,0.2624208156578003
catboost__mes1__interaccion1,catboost,True,True,202608,202607,70250,10050,0.14417910447761195,bd7b7049e6e4a492ffc6205a139bde110248f47e8fc9ab3ca3faa984dfdf8da4,7.068347517999996,,0.6307645226223955,0.2615290452447909
xgboost__mes1__interaccion1,xgboost,True,True,202608,202607,70250,10050,0.14417910447761195,bd7b7049e6e4a492ffc6205a139bde110248f47e8fc9ab3ca3faa984dfdf8da4,1.2488776120000011,,0.6295219094767175,0.259043818953435
lightgbm__mes1__interaccion1,lightgbm,True,True,202608,202607,70250,10050,0.14417910447761195,bd7b7049e6e4a492ffc6205a139bde110248f47e8fc9ab3ca3faa984dfdf8da4,1.4135731589999523,,0.6255191730237606,0.2510383460475212
random_forest__mes1__interaccion1,random_forest,True,True,202608,202607,70250,10050,0.14417910447761195,bd7b7049e6e4a492ffc6205a139bde110248f47e8fc9ab3ca3faa984dfdf8da4,5.981003450999992,,0.6266184401335522,0.25323688026710434
logistica__mes0__interaccion0,logistica,False,False,202609,202608,80300,9900,0.1407070707070707,2059d14310ae5d9d2d577e6b976d0e38c4e044278790d8ceb777507d3d1d1ab3,0.22335758400004124,,0.6172038887615123,0.23440777752302466
hist_gradient_boosting__mes0__interaccion0,hist_gradient_boosting,False,False,202609,202608,80300,9900,0.1407070707070707,2059d14310ae5d9d2d577e6b976d0e38c4e044278790d8ceb777507d3d1d1ab3,1.446422617000053,,0.6231738888906235,0.24634777778124706
catboost__mes0__interaccion0,catboost,False,False,202609,202608,80300,9900,0.1407070707070707,2059d14310ae5d9d2d577e6b976d0e38c4e044278790d8ceb777507d3d1d1ab3,8.584269236000068,,0.6227672308375578,0.2455344616751156
xgboost__mes0__interaccion0,xgboost,False,False,202609,202608,80300,9900,0.1407070707070707,2059d14310ae5d9d2d577e6b976d0e38c4e044278790d8ceb777507d3d1d1ab3,1.0842896909999808,,0.6211112321587112,0.24222246431742245
lightgbm__mes0__interaccion0,lightgbm,False,False,202609,202608,80300,9900,0.1407070707070707,2059d14310ae5d9d2d577e6b976d0e38c4e044278790d8ceb777507d3d1d1ab3,1.3066281229999959,,0.6200700727773614,0.24014014555472274
random_forest__mes0__interaccion0,random_forest,False,False,202609,202608,80300,9900,0.1407070707070707,2059d14310ae5d9d2d577e6b976d0e38c4e044278790d8ceb777507d3d1d1ab3,7.545228427999973,,0.6219155189202321,0.24383103784046423
logistica__mes0__interaccion1,logistica,False,True,202609,202608,80300,9900,0.1407070707070707,2059d14310ae5d9d2d577e6b976d0e38c4e044278790d8ceb777507d3d1d1ab3,0.23178828899995096,,0.6172533391908746,0.2345066783817491
hist_gradient_boosting__mes0__interaccion1,hist_gradient_boosting,False,True,202609,202608,80300,9900,0.1407070707070707,2059d14310ae5d9d2d577e6b976d0e38c4e044278790d8ceb777507d3d1d1ab3,1.4916730319999942,,0.62218817137291,0.2443763427458201
catboost__mes0__interaccion1,catboost,False,True,202609,202608,80300,9900,0.1407070707070707,2059d14310ae5d9d2d577e6b976d0e38c4e044278790d8ceb777507d3d1d1ab3,9.198832856999957,,0.6221370332155833,0.24427406643116667
xgboost__mes0__interaccion1,xgboost,False,True,202609,202608,80300,9900,0.1407070707070707,2059d14310ae5d9d2d577e6b976d0e38c4e044278790d8ceb777507d3d1d1ab3,1.1005188049999788,,0.619880920665731,0.23976184133146194
lightgbm__mes0__interaccion1,lightgbm,False,True,202609,202608,80300,9900,0.1407070707070707,2059d14310ae5d9d2d577e6b976d0e38c4e044278790d8ceb777507d3d1d1ab3,1.387801558000092,,0.6230270565577051,0.24605411311541014
random_forest__mes0__interaccion1,random_forest,False,True,202609,202608,80300,9900,0.1407070707070707,2059d14310ae5d9d2d577e6b976d0e38c4e044278790d8ceb777507d3d1d1ab3,7.834062843999959,,0.621178234958905,0.24235646991781
logistica__mes1__interaccion0,logistica,True,False,202609,202608,80300,9900,0.1407070707070707,2059d14310ae5d9d2d577e6b976d0e38c4e044278790d8ceb777507d3d1d1ab3,0.2174207609999712,,0.6172061671942645,0.23441233438852893
hist_gradient_boosting__mes1__interaccion0,hist_gradient_boosting,True,False,202609,202608,80300,9900,0.1407070707070707,2059d14310ae5d9d2d577e6b976d0e38c4e044278790d8ceb777507d3d1d1ab3,1.516571798999962,,0.622063954594717,0.24412790918943394
catboost__mes1__interaccion0,catboost,True,False,202609,202608,80300,9900,0.1407070707070707,2059d14310ae5d9d2d577e6b976d0e38c4e044278790d8ceb777507d3d1d1ab3,10.431612152999946,,0.6228794647472025,0.24575892949440492
xgboost__mes1__interaccion0,xgboost,True,False,202609,202608,80300,9900,0.1407070707070707,2059d14310ae5d9d2d577e6b976d0e38c4e044278790d8ceb777507d3d1d1ab3,1.681404864000001,,0.6200996080167416,0.24019921603348315
lightgbm__mes1__interaccion0,lightgbm,True,False,202609,202608,80300,9900,0.1407070707070707,2059d14310ae5d9d2d577e6b976d0e38c4e044278790d8ceb777507d3d1d1ab3,2.1693988310000805,,0.6217045529246595,0.24340910584931907
random_forest__mes1__interaccion0,random_forest,True,False,202609,202608,80300,9900,0.1407070707070707,2059d14310ae5d9d2d577e6b976d0e38c4e044278790d8ceb777507d3d1d1ab3,7.649367951000045,,0.6192558284208495,0.23851165684169895
logistica__mes1__interaccion1,logistica,True,True,202609,202608,80300,9900,0.1407070707070707,2059d14310ae5d9d2d577e6b976d0e38c4e044278790d8ceb777507d3d1d1ab3,0.2284252629999628,,0.6172695413793344,0.23453908275866886
hist_gradient_boosting__mes1__interaccion1,hist_gradient_boosting,True,True,202609,202608,80300,9900,0.1407070707070707,2059d14310ae5d9d2d577e6b976d0e38c4e044278790d8ceb777507d3d1d1ab3,1.4250246600000764,,0.6217852263213665,0.24357045264273292
catboost__mes1__interaccion1,catboost,True,True,202609,202608,80300,9900,0.1407070707070707,2059d14310ae5d9d2d577e6b976d0e38c4e044278790d8ceb777507d3d1d1ab3,9.643097780999938,,0.6227559230601951,0.24551184612039023
xgboost__mes1__interaccion1,xgboost,True,True,202609,202608,80300,9900,0.1407070707070707,2059d14310ae5d9d2d577e6b976d0e38c4e044278790d8ceb777507d3d1d1ab3,1.3780459950000932,,0.6221268646545967,0.2442537293091933
lightgbm__mes1__interaccion1,lightgbm,True,True,202609,202608,80300,9900,0.1407070707070707,2059d14310ae5d9d2d577e6b976d0e38c4e044278790d8ceb777507d3d1d1ab3,1.6375544029999674,,0.6234991984557965,0.24699839691159298
random_forest__mes1__interaccion1,random_forest,True,True,202609,202608,80300,9900,0.1407070707070707,2059d14310ae5d9d2d577e6b976d0e38c4e044278790d8ceb777507d3d1d1ab3,10.383099032000018,,0.619742400393038,0.23948480078607592
logistica__mes0__interaccion0,logistica,False,False,202610,202609,90200,10400,0.15653846153846154,839365bbff15f947fe41dd928e70bbf7c33b64f1fb8d5f6e67a479de04a6b621,0.2690761679999696,,0.6195807018310439,0.2391614036620877
hist_gradient_boosting__mes0__interaccion0,hist_gradient_boosting,False,False,202610,202609,90200,10400,0.15653846153846154,839365bbff15f947fe41dd928e70bbf7c33b64f1fb8d5f6e67a479de04a6b621,1.665634845999989,,0.6304366641233945,0.260873328246789
catboost__mes0__interaccion0,catboost,False,False,202610,202609,90200,10400,0.15653846153846154,839365bbff15f947fe41dd928e70bbf7c33b64f1fb8d5f6e67a479de04a6b621,8.532213463000062,,0.6326422103610886,0.26528442072217717
xgboost__mes0__interaccion0,xgboost,False,False,202610,202609,90200,10400,0.15653846153846154,839365bbff15f947fe41dd928e70bbf7c33b64f1fb8d5f6e67a479de04a6b621,1.2727842550000332,,0.6285584101076577,0.25711682021531534
lightgbm__mes0__interaccion0,lightgbm,False,False,202610,202609,90200,10400,0.15653846153846154,839365bbff15f947fe41dd928e70bbf7c33b64f1fb8d5f6e67a479de04a6b621,1.5384676919999265,,0.6263154710487131,0.2526309420974262
random_forest__mes0__interaccion0,random_forest,False,False,202610,202609,90200,10400,0.15653846153846154,839365bbff15f947fe41dd928e70bbf7c33b64f1fb8d5f6e67a479de04a6b621,8.315571436999903,,0.6272103778943724,0.2544207557887448
logistica__mes0__interaccion1,logistica,False,True,202610,202609,90200,10400,0.15653846153846154,839365bbff15f947fe41dd928e70bbf7c33b64f1fb8d5f6e67a479de04a6b621,0.2920720950000941,,0.6197512102949859,0.23950242058997184
hist_gradient_boosting__mes0__interaccion1,hist_gradient_boosting,False,True,202610,202609,90200,10400,0.15653846153846154,839365bbff15f947fe41dd928e70bbf7c33b64f1fb8d5f6e67a479de04a6b621,1.697977456999979,,0.631888752015291,0.2637775040305821
catboost__mes0__interaccion1,catboost,False,True,202610,202609,90200,10400,0.15653846153846154,839365bbff15f947fe41dd928e70bbf7c33b64f1fb8d5f6e67a479de04a6b621,10.89044517100001,,0.633502385297871,0.2670047705957419
xgboost__mes0__interaccion1,xgboost,False,True,202610,202609,90200,10400,0.15653846153846154,839365bbff15f947fe41dd928e70bbf7c33b64f1fb8d5f6e67a479de04a6b621,1.3031839610000588,,0.631012156448203,0.26202431289640593
lightgbm__mes0__interaccion1,lightgbm,False,True,202610,202609,90200,10400,0.15653846153846154,839365bbff15f947fe41dd928e70bbf7c33b64f1fb8d5f6e67a479de04a6b621,1.547215886999993,,0.6269722262369322,0.2539444524738643
random_forest__mes0__interaccion1,random_forest,False,True,202610,202609,90200,10400,0.15653846153846154,839365bbff15f947fe41dd928e70bbf7c33b64f1fb8d5f6e67a479de04a6b621,8.781256300999985,,0.6303902382048756,0.2607804764097512
logistica__mes1__interaccion0,logistica,True,False,202610,202609,90200,10400,0.15653846153846154,839365bbff15f947fe41dd928e70bbf7c33b64f1fb8d5f6e67a479de04a6b621,0.33487296600003447,,0.6195669071011068,0.2391338142022137
hist_gradient_boosting__mes1__interaccion0,hist_gradient_boosting,True,False,202610,202609,90200,10400,0.15653846153846154,839365bbff15f947fe41dd928e70bbf7c33b64f1fb8d5f6e67a479de04a6b621,1.6763287840000203,,0.633075098789873,0.266150197579746
catboost__mes1__interaccion0,catboost,True,False,202610,202609,90200,10400,0.15653846153846154,839365bbff15f947fe41dd928e70bbf7c33b64f1fb8d5f6e67a479de04a6b621,10.372169136000025,,0.6322538572025576,0.2645077144051151
xgboost__mes1__interaccion0,xgboost,True,False,202610,202609,90200,10400,0.15653846153846154,839365bbff15f947fe41dd928e70bbf7c33b64f1fb8d5f6e67a479de04a6b621,1.2948936149999781,,0.6327297053613743,0.2654594107227486
lightgbm__mes1__interaccion0,lightgbm,True,False,202610,202609,90200,10400,0.15653846153846154,839365bbff15f947fe41dd928e70bbf7c33b64f1fb8d5f6e67a479de04a6b621,1.5358006879999948,,0.6300908855628418,0.2601817711256835
random_forest__mes1__interaccion0,random_forest,True,False,202610,202609,90200,10400,0.15653846153846154,839365bbff15f947fe41dd928e70bbf7c33b64f1fb8d5f6e67a479de04a6b621,8.611865062999982,,0.6270046473534846,0.2540092947069692
logistica__mes1__interaccion1,logistica,True,True,202610,202609,90200,10400,0.15653846153846154,839365bbff15f947fe41dd928e70bbf7c33b64f1fb8d5f6e67a479de04a6b621,0.2605960259999165,,0.6197710971137784,0.23954219422755685
hist_gradient_boosting__mes1__interaccion1,hist_gradient_boosting,True,True,202610,202609,90200,10400,0.15653846153846154,839365bbff15f947fe41dd928e70bbf7c33b64f1fb8d5f6e67a479de04a6b621,1.6986388970000235,,0.6338848914515809,0.2677697829031618
catboost__mes1__interaccion1,catboost,True,True,202610,202609,90200,10400,0.15653846153846154,839365bbff15f947fe41dd928e70bbf7c33b64f1fb8d5f6e67a479de04a6b621,12.557555324000077,,0.63384970438664,0.26769940877328
xgboost__mes1__interaccion1,xgboost,True,True,202610,202609,90200,10400,0.15653846153846154,839365bbff15f947fe41dd928e70bbf7c33b64f1fb8d5f6e67a479de04a6b621,1.7026314670000602,,0.6326011062673169,0.26520221253463383
lightgbm__mes1__interaccion1,lightgbm,True,True,202610,202609,90200,10400,0.15653846153846154,839365bbff15f947fe41dd928e70bbf7c33b64f1fb8d5f6e67a479de04a6b621,1.7244847750000645,,0.6330540915869234,0.26610818317384677
random_forest__mes1__interaccion1,random_forest,True,True,202610,202609,90200,10400,0.15653846153846154,839365bbff15f947fe41dd928e70bbf7c33b64f1fb8d5f6e67a479de04a6b621,8.922523037999895,,0.6289354193765959,0.25787083875319183
logistica__mes0__interaccion0,logistica,False,False,202611,202610,100600,9500,0.15147368421052632,d450f4d78483f9f18621eafc6af52c950fbac3b8bbfbe92adf45f95074ddb4f5,0.2783627169999363,,0.6011200730634609,0.20224014612692187
hist_gradient_boosting__mes0__interaccion0,hist_gradient_boosting,False,False,202611,202610,100600,9500,0.15147368421052632,d450f4d78483f9f18621eafc6af52c950fbac3b8bbfbe92adf45f95074ddb4f5,1.9797448510000777,,0.6147873593108972,0.22957471862179446
catboost__mes0__interaccion0,catboost,False,False,202611,202610,100600,9500,0.15147368421052632,d450f4d78483f9f18621eafc6af52c950fbac3b8bbfbe92adf45f95074ddb4f5,16.282713359000013,,0.6196093046255451,0.23921860925109018
xgboost__mes0__interaccion0,xgboost,False,False,202611,202610,100600,9500,0.15147368421052632,d450f4d78483f9f18621eafc6af52c950fbac3b8bbfbe92adf45f95074ddb4f5,2.288124483000047,,0.6162350162016018,0.23247003240320363
lightgbm__mes0__interaccion0,lightgbm,False,False,202611,202610,100600,9500,0.15147368421052632,d450f4d78483f9f18621eafc6af52c950fbac3b8bbfbe92adf45f95074ddb4f5,3.2631810889999997,,0.6124652030008503,0.22493040600170056
random_forest__mes0__interaccion0,random_forest,False,False,202611,202610,100600,9500,0.15147368421052632,d450f4d78483f9f18621eafc6af52c950fbac3b8bbfbe92adf45f95074ddb4f5,10.533234089000075,,0.612469599636338,0.22493919927267592
logistica__mes0__interaccion1,logistica,False,True,202611,202610,100600,9500,0.15147368421052632,d450f4d78483f9f18621eafc6af52c950fbac3b8bbfbe92adf45f95074ddb4f5,0.3216999290000331,,0.6010856758564107,0.2021713517128214
hist_gradient_boosting__mes0__interaccion1,hist_gradient_boosting,False,True,202611,202610,100600,9500,0.15147368421052632,d450f4d78483f9f18621eafc6af52c950fbac3b8bbfbe92adf45f95074ddb4f5,1.9139357230000087,,0.6160400986949838,0.23208019738996755
catboost__mes0__interaccion1,catboost,False,True,202611,202610,100600,9500,0.15147368421052632,d450f4d78483f9f18621eafc6af52c950fbac3b8bbfbe92adf45f95074ddb4f5,11.56159345900005,,0.6192257628356541,0.23845152567130823
xgboost__mes0__interaccion1,xgboost,False,True,202611,202610,100600,9500,0.15147368421052632,d450f4d78483f9f18621eafc6af52c950fbac3b8bbfbe92adf45f95074ddb4f5,1.608914231999961,,0.6155331924858224,0.23106638497164478
lightgbm__mes0__interaccion1,lightgbm,False,True,202611,202610,100600,9500,0.15147368421052632,d450f4d78483f9f18621eafc6af52c950fbac3b8bbfbe92adf45f95074ddb4f5,1.5838112369999635,,0.6143520492933529,0.2287040985867057
random_forest__mes0__interaccion1,random_forest,False,True,202611,202610,100600,9500,0.15147368421052632,d450f4d78483f9f18621eafc6af52c950fbac3b8bbfbe92adf45f95074ddb4f5,11.144487782999931,,0.6138687642238702,0.2277375284477403
logistica__mes1__interaccion0,logistica,True,False,202611,202610,100600,9500,0.15147368421052632,d450f4d78483f9f18621eafc6af52c950fbac3b8bbfbe92adf45f95074ddb4f5,0.3488527739999654,,0.6011292111685921,0.20225842233718416
hist_gradient_boosting__mes1__interaccion0,hist_gradient_boosting,True,False,202611,202610,100600,9500,0.15147368421052632,d450f4d78483f9f18621eafc6af52c950fbac3b8bbfbe92adf45f95074ddb4f5,3.8335896370000455,,0.616154238800584,0.2323084776011679
catboost__mes1__interaccion0,catboost,True,False,202611,202610,100600,9500,0.15147368421052632,d450f4d78483f9f18621eafc6af52c950fbac3b8bbfbe92adf45f95074ddb4f5,11.834515649999958,,0.6191329162391801,0.2382658324783602
xgboost__mes1__interaccion0,xgboost,True,False,202611,202610,100600,9500,0.15147368421052632,d450f4d78483f9f18621eafc6af52c950fbac3b8bbfbe92adf45f95074ddb4f5,1.7264516570000978,,0.6135165592378958,0.22703311847579166
lightgbm__mes1__interaccion0,lightgbm,True,False,202611,202610,100600,9500,0.15147368421052632,d450f4d78483f9f18621eafc6af52c950fbac3b8bbfbe92adf45f95074ddb4f5,1.7874939329999506,,0.6101567107442305,0.220313421488461
random_forest__mes1__interaccion0,random_forest,True,False,202611,202610,100600,9500,0.15147368421052632,d450f4d78483f9f18621eafc6af52c950fbac3b8bbfbe92adf45f95074ddb4f5,9.697330568000098,,0.6125067555166352,0.2250135110332705
logistica__mes1__interaccion1,logistica,True,True,202611,202610,100600,9500,0.15147368421052632,d450f4d78483f9f18621eafc6af52c950fbac3b8bbfbe92adf45f95074ddb4f5,0.30699170699995193,,0.601078261922059,0.20215652384411809
hist_gradient_boosting__mes1__interaccion1,hist_gradient_boosting,True,True,202611,202610,100600,9500,0.15147368421052632,d450f4d78483f9f18621eafc6af52c950fbac3b8bbfbe92adf45f95074ddb4f5,2.006553100000019,,0.6169453745627396,0.23389074912547914
catboost__mes1__interaccion1,catboost,True,True,202611,202610,100600,9500,0.15147368421052632,d450f4d78483f9f18621eafc6af52c950fbac3b8bbfbe92adf45f95074ddb4f5,10.513788269000088,,0.6183320389121206,0.23666407782424126
xgboost__mes1__interaccion1,xgboost,True,True,202611,202610,100600,9500,0.15147368421052632,d450f4d78483f9f18621eafc6af52c950fbac3b8bbfbe92adf45f95074ddb4f5,1.821822230999942,,0.6175812056419351,0.23516241128387017
lightgbm__mes1__interaccion1,lightgbm,True,True,202611,202610,100600,9500,0.15147368421052632,d450f4d78483f9f18621eafc6af52c950fbac3b8bbfbe92adf45f95074ddb4f5,1.9753325789999963,,0.6126875348228618,0.2253750696457235
random_forest__mes1__interaccion1,random_forest,True,True,202611,202610,100600,9500,0.15147368421052632,d450f4d78483f9f18621eafc6af52c950fbac3b8bbfbe92adf45f95074ddb4f5,11.1942450439999,,0.6125839121590161,0.22516782431803217
